{
  "episodes": 50,
  "level": 2,
  "terminal_only": false,
  "final_mean_reward": 5.44,
  "reward_curve": [
    4.875,
    5.175,
    6.824999999999999,
    4.125,
    6.5249999999999995,
    6.9750000000000005,
    5.924999999999999,
    4.6499999999999995,
    6.300000000000001,
    4.574999999999999,
    5.625,
    5.624999999999999,
    6.375,
    4.2749999999999995,
    4.125,
    4.425,
    4.199999999999999,
    5.7,
    5.925,
    5.925,
    4.425,
    4.8,
    7.125,
    5.55,
    5.025,
    4.35,
    6.299999999999999,
    7.05,
    6.1499999999999995,
    5.925000000000001,
    5.625,
    4.275,
    6.3,
    4.575,
    5.55,
    5.7,
    7.275,
    6.0,
    5.25,
    5.4750000000000005,
    7.05,
    4.875,
    6.375,
    4.875,
    4.35,
    6.3,
    5.625,
    4.35,
    5.625,
    4.95
  ],
  "defender_evasion": [
    1.0,
    1.0,
    1.0,
    1.0,
    1.0,
    1.0,
    1.0,
    1.0,
    1.0,
    1.0,
    1.0,
    1.0,
    1.0,
    1.0,
    1.0,
    1.0,
    1.0,
    1.0,
    1.0,
    1.0,
    1.0,
    1.0,
    1.0,
    1.0,
    1.0,
    1.0,
    1.0,
    1.0,
    1.0,
    1.0,
    1.0,
    1.0,
    1.0,
    1.0,
    1.0,
    1.0,
    1.0,
    1.0,
    1.0,
    1.0,
    1.0,
    1.0,
    1.0,
    1.0,
    1.0,
    1.0,
    1.0,
    1.0,
    1.0,
    1.0
  ]
}